First Last,First,Last,Company,Domain
Chad Hankinson,Chad,Hankinson,Outdoor Equipped,www.outdoorequipped.com
Chris Bray,Chris,Bray,"Billykirk, Inc.",www.billykirk.com
Benjamin Esshaghian,Benjamin,Esshaghian,Belldini,www.belldini.com
Randy Goldberg,Randy,Goldberg,Bombas,www.bombas.com
Dale Parris,Dale,Parris,Bombshell Accessories dba Metal Mafia,www.metalmafia.com
Bobby Hundreds,Bobby,Hundreds,The Hundreds,www.thehundreds.com
Laura Hoffman,Laura,Hoffman,The Monogram Company,www.monogramco.com
Ulymar Rocha,Ulymar,Rocha,Stonebridge Imports Ltd.,www.stonebridgeimports.com
Steven Alan,Steven,Alan,"Steven Alan Showroom, LLC",www.stevenalan.com
Amber Schaub,Amber,Schaub,"Rufflebutts, Inc",www.rufflebutts.com
Heather Michele Askinosie,Heather,Askinosie,Energy Muse,www.energymuse.com
Hunter Higgins,Hunter,Higgins,Superior Ink Printing,www.superiorinkprinting.com
Ashley Merrill,Ashley,Merrill,Lunya Co.,www.lunya.co
Grant Kevins,Grant,Kevins,Scrappy Apparel Company,www.scrappyapparel.com
Chuck Kelly,Chuck,Kelly,Kelgraphics,www.kelgraphics.com
Linda Coelho,Linda,Coelho,"SportsScarf, LLC",www.sportsscarf.com
Rhonda Elaine Swenson,Rhonda,Swenson,Krimson Klover,www.krimsonklover.com
Scott Thomson,Scott,Thomson,Astley Clarke Limited,www.astleyclarke.com
Dave Nash,Dave,Nash,"Athleisure, Inc.",www.sundiego.com
Ian Matthew Hannula,,,Nico Corporation,www.nicecollective.com
