First Last,First,Last,Company,Domain
Grant Dupre,Grant,Dupre,Mountain Standard,www.mountainstandard.com
Varvara Maslova,Varvara,Maslova,100 Hands,www.100hands.nl
Eduardo Hommerding,Eduardo,Hommerding,Dobra,www.querodobra.com.br
Frank Arthur,Frank,Arthur,Man of Many,www.manofmany.com
Hope Mccarty Schneider,Hope,Schneider,Wolf & Shepherd,www.wolfandshepherd.com
Tomaj Sangchi,Tomaj,Sangchi,Tom Hope AB,www.thetomhope.com
Aidas Launikonis,Aidas,Launikonis,La Forma Athletics,www.laforma.co
Brian Park,Brian,Park,Nabee Socks,www.nabeesocks.com
Sevag Kazanci,Sevag,Kazanci,Parks Project,www.parksproject.us
Dr.Rayan Bahabri,Dr.Rayan,Bahabri,Medical Outfit,www.medicaloutfit.com
Gerard Masci,Gerard,Masci,Lowercase NYC,www.lowercasenyc.com
Nave Avimor,Nave,Avimor,Genuine-People.com,www.genuine-people.com
Paco Tormo,Paco,Tormo,Singularu,www.singularu.com
Huang Charles,Huang,Charles,"We Accessories Co., Ltd",www.weaccessories.com
Will Mandrell,Will,Mandrell,Madecult,www.madecult.com
Gina Dobson,Gina,Dobson,Sunrise Girl,www.sunrisegirl.com
Stephanie Beard,Stephanie,Beard,Esby,www.esbyapparel.com
Javier Choi,Javier,Choi,Emory Park,www.emoryparkclothing.com
Oroma Cookey Gam,Oroma,Gam,ALARA Lagos,www.alaralagos.com
Anne Siegel,,,"Olive and Poppy, LLC",www.oliveandpoppy.com
