First Last,First,Last,Company,Domain
Laura Glover,Laura,Glover,Daydreamer LA,www.daydreamerla.com
Ediz Ozturk,Ediz,Ozturk,Doyoueven,www.doyoueven.com
Nicole Hughes,Nicole,Hughes,"Olive and Poppy, LLC",www.oliveandpoppy.com
Mengu Saran,Mengu,Saran,Mob,www.mobonline.com.br
Olga Vidisheva,Olga,Vidisheva,"Shoptiques, Inc.",www.shoptiques.com
Niche Modern,Niche,Modern,Niche Modern,www.nichemodern.com
Tim Swann,Tim,Swann,Cygnett,www.cygnett.com
Meagan Navarro,Meagan,Navarro,"Ramy Brook, LLC",www.ramybrook.com
Ray Grden,Ray,Grden,Bodyzone Apparel LLC,www.bodyzoneapparel.com
Mohamed Fofana,Mohamed,Fofana,"BBC Ice Cream, LLC",www.bbcicecream.com
Barbara Mattivy,Barbara,Mattivy,Insecta Shoes,www.insectashoes.com
Matt Vassallo,Matt,Vassallo,The Rhinestone World,www.therhinestoneworld.com
Holt Condren,Holt,Condren,Ink Enterprises Inc,www.inkcustomtees.com
Harvey Berkman,Harvey,Berkman,Adrianna Papell,www.adriannapapell.com
Kelley Lehner,Kelley,Lehner,Klub Nico,www.klubnico.com
Ryan Raymer,Ryan,Raymer,"Raymer Enterprises, Inc.",www.hellanbach.com
Liz Heyland,Liz,Heyland,Snug As A Bug,www.snugasabug.com
Brita Womack,Brita,Womack,Purnell,www.purnellgear.com
Tyler Haney,Tyler,Haney,"Outdoor Voices, Inc.",www.outdoorvoices.com
Christopher Spitzmiller,,,"Christopher Spitzmiller, Inc",www.christopherspitzmiller.com
