First Last,First,Last,Company,Domain
Rupert Sanderson,Rupert,Sanderson,Rupert Sanderson,www.rupertsanderson.com
Heime Weakley,Heime,Weakley,"Life is Good, Inc.",www.lifeisgood.com
Candace Horton,Candace,Horton,"Mainstream Fashions Franchising, Inc.",www.mainstreamboutique.com
Anthony Reyes,Anthony,Reyes,Mizzen and Main LLC,www.mizzenandmain.com
Raul Saks,Raul,Saks,SANGAR Ltd.,www.sangar.ee
Katharine Wilkie Josephson,Katharine,Josephson,Bella Bridesmaids,www.bellabridesmaids.com
Kendricks Douglas,Kendricks,Douglas,The Bench,www.benchjewellery.ca
Carolyn Bailey,Carolyn,Bailey,Treasure Box Kids,www.treasureboxkids.com
Steve Schreter,Steve,Schreter,J. Schreter,www.schreter.com
Matt Moore,Matt,Moore,CRSVR Sneaker Boutique,www.crsvr.com
Connie Neveaux,Connie,Neveaux,"Cookies by Design, Inc.",www.cookiesbydesign.com
Jill Henrichsen,Jill,Henrichsen,VIDA & Co.,www.shopvida.com
Reto Peter,Reto,Peter,Edit Suits Co.,www.editsuits.com
Scott Zergebel,Scott,Zergebel,Holden Outerwear,www.holdenouterwear.com
Rick Grett,Rick,Grett,"Luminaire (Miami), Inc.",www.luminaire.com
Tasha Hamilton,Tasha,Hamilton,"Life is Good, Inc.",www.lifeisgood.com
Lauren Bush Lauren,Lauren,Lauren,Feed Projects Llc,www.feedprojects.com
Felicia Lieto,Felicia,Lieto,"Haute Hippie Ecommerce, LLC",www.hautehippie.com
Nathan Lomas,Nathan,Lomas,"Azalea Boutique, Inc",www.azaleasf.com
Paul Miller,,,Airblaster Llc,www.myairblaster.com
